Review,Sentiment,Rating,Sentiment_Label
I expected better quality for the price; not worth it.,Negative,1,Positive
It cleans easily after outdoor adventures; a big plus for me.,Positive,5,Positive
Handles are uncomfortable and dig into my hands.,Negative,1,Negative
Lightweight and easy to carry during hikes and picnics.,Positive,5,Positive
The handles are sturdy and comfortable to hold.,Positive,5,Positive
The material feels flimsy and doesn't seem durable.,Negative,1,Neutral
The eco-friendly claim seems questionable; no certifications provided.,Negative,1,Negative
Great for carrying all my gear without feeling heavy.,Positive,5,Positive
Great for carrying all my gear without feeling heavy.,Positive,5,Positive
It's not as spacious as advertised; feels small.,Negative,1,Neutral
I appreciate the sustainable materials used; very thoughtful.,Positive,5,Positive
I love that it's eco-friendly; it feels good to support the environment!,Positive,5,Positive
It's not as spacious as advertised; feels small.,Negative,1,Neutral
Lightweight and easy to carry during hikes and picnics.,Positive,5,Positive
The design is bland and lacks personality.,Negative,1,Neutral
The stitching came undone after a week of use.,Negative,1,Neutral
The design is bland and lacks personality.,Negative,1,Neutral
Lightweight and easy to carry during hikes and picnics.,Positive,5,Positive
It's not as spacious as advertised; feels small.,Negative,1,Neutral
I expected better quality for the price; not worth it.,Negative,1,Positive
I expected better quality for the price; not worth it.,Negative,1,Positive
"Color fades after washing, which is a letdown.",Negative,1,Neutral
Handles are uncomfortable and dig into my hands.,Negative,1,Negative
Handles are uncomfortable and dig into my hands.,Negative,1,Negative
The design is simple yet stylish; I get compliments all the time.,Positive,5,Positive
The stitching came undone after a week of use.,Negative,1,Neutral
The stitching came undone after a week of use.,Negative,1,Neutral
The handles are sturdy and comfortable to hold.,Positive,5,Positive
The design is simple yet stylish; I get compliments all the time.,Positive,5,Positive
The stitching came undone after a week of use.,Negative,1,Neutral
The bag tore after just a few uses; very disappointing.,Negative,1,Negative
The stitching came undone after a week of use.,Negative,1,Neutral
"Color fades after washing, which is a letdown.",Negative,1,Neutral
The design is simple yet stylish; I get compliments all the time.,Positive,5,Positive
The handles are sturdy and comfortable to hold.,Positive,5,Positive
The bag tore after just a few uses; very disappointing.,Negative,1,Negative
The stitching came undone after a week of use.,Negative,1,Neutral
Durable material that holds up even on rough terrain.,Positive,5,Neutral
The color options are fantastic and match any outfit.,Positive,5,Positive
I love that it's eco-friendly; it feels good to support the environment!,Positive,5,Positive
Handles are uncomfortable and dig into my hands.,Negative,1,Negative
Lightweight and easy to carry during hikes and picnics.,Positive,5,Positive
The material feels flimsy and doesn't seem durable.,Negative,1,Neutral
The color options are fantastic and match any outfit.,Positive,5,Positive
Great for carrying all my gear without feeling heavy.,Positive,5,Positive
Great for carrying all my gear without feeling heavy.,Positive,5,Positive
The color options are fantastic and match any outfit.,Positive,5,Positive
I love that it's eco-friendly; it feels good to support the environment!,Positive,5,Positive
The design is bland and lacks personality.,Negative,1,Neutral
Durable material that holds up even on rough terrain.,Positive,5,Neutral
Great for carrying all my gear without feeling heavy.,Positive,5,Positive
Durable material that holds up even on rough terrain.,Positive,5,Neutral
The handles are sturdy and comfortable to hold.,Positive,5,Positive
"Color fades after washing, which is a letdown.",Negative,1,Neutral
The handles are sturdy and comfortable to hold.,Positive,5,Positive
The color options are fantastic and match any outfit.,Positive,5,Positive
The color options are fantastic and match any outfit.,Positive,5,Positive
It cleans easily after outdoor adventures; a big plus for me.,Positive,5,Positive
The tote is incredibly spacious and perfect for outdoor activities.,Positive,5,Positive
It cleans easily after outdoor adventures; a big plus for me.,Positive,5,Positive
The design is bland and lacks personality.,Negative,1,Neutral
The eco-friendly claim seems questionable; no certifications provided.,Negative,1,Negative
The stitching came undone after a week of use.,Negative,1,Neutral
The design is bland and lacks personality.,Negative,1,Neutral
The handles are sturdy and comfortable to hold.,Positive,5,Positive
I appreciate the sustainable materials used; very thoughtful.,Positive,5,Positive
Handles are uncomfortable and dig into my hands.,Negative,1,Negative
I love that it's eco-friendly; it feels good to support the environment!,Positive,5,Positive
The color options are fantastic and match any outfit.,Positive,5,Positive
The bag tore after just a few uses; very disappointing.,Negative,1,Negative
I expected better quality for the price; not worth it.,Negative,1,Positive
I expected better quality for the price; not worth it.,Negative,1,Positive
"Color fades after washing, which is a letdown.",Negative,1,Neutral
"Color fades after washing, which is a letdown.",Negative,1,Neutral
The stitching came undone after a week of use.,Negative,1,Neutral
It doesn't hold up well in wet conditions; water seeps through.,Negative,1,Negative
The bag tore after just a few uses; very disappointing.,Negative,1,Negative
The tote is incredibly spacious and perfect for outdoor activities.,Positive,5,Positive
The bag tore after just a few uses; very disappointing.,Negative,1,Negative
The eco-friendly claim seems questionable; no certifications provided.,Negative,1,Negative
Great for carrying all my gear without feeling heavy.,Positive,5,Positive
I love that it's eco-friendly; it feels good to support the environment!,Positive,5,Positive
The design is bland and lacks personality.,Negative,1,Neutral
Lightweight and easy to carry during hikes and picnics.,Positive,5,Positive
"Color fades after washing, which is a letdown.",Negative,1,Neutral
It cleans easily after outdoor adventures; a big plus for me.,Positive,5,Positive
Lightweight and easy to carry during hikes and picnics.,Positive,5,Positive
The stitching came undone after a week of use.,Negative,1,Neutral
The eco-friendly claim seems questionable; no certifications provided.,Negative,1,Negative
The bag tore after just a few uses; very disappointing.,Negative,1,Negative
The eco-friendly claim seems questionable; no certifications provided.,Negative,1,Negative
I expected better quality for the price; not worth it.,Negative,1,Positive
It doesn't hold up well in wet conditions; water seeps through.,Negative,1,Negative
The design is bland and lacks personality.,Negative,1,Neutral
The eco-friendly claim seems questionable; no certifications provided.,Negative,1,Negative
The eco-friendly claim seems questionable; no certifications provided.,Negative,1,Negative
The color options are fantastic and match any outfit.,Positive,5,Positive
The color options are fantastic and match any outfit.,Positive,5,Positive
The material feels flimsy and doesn't seem durable.,Negative,1,Neutral
I love that it's eco-friendly; it feels good to support the environment!,Positive,5,Positive
Durable material that holds up even on rough terrain.,Positive,5,Neutral
The eco-friendly claim seems questionable; no certifications provided.,Negative,1,Negative
The color options are fantastic and match any outfit.,Positive,5,Positive
The bag tore after just a few uses; very disappointing.,Negative,1,Negative
"Color fades after washing, which is a letdown.",Negative,1,Neutral
The color options are fantastic and match any outfit.,Positive,5,Positive
It doesn't hold up well in wet conditions; water seeps through.,Negative,1,Negative
Durable material that holds up even on rough terrain.,Positive,5,Neutral
The stitching came undone after a week of use.,Negative,1,Neutral
Durable material that holds up even on rough terrain.,Positive,5,Neutral
I love that it's eco-friendly; it feels good to support the environment!,Positive,5,Positive
"Color fades after washing, which is a letdown.",Negative,1,Neutral
Handles are uncomfortable and dig into my hands.,Negative,1,Negative
I appreciate the sustainable materials used; very thoughtful.,Positive,5,Positive
It's not as spacious as advertised; feels small.,Negative,1,Neutral
It doesn't hold up well in wet conditions; water seeps through.,Negative,1,Negative
It cleans easily after outdoor adventures; a big plus for me.,Positive,5,Positive
I appreciate the sustainable materials used; very thoughtful.,Positive,5,Positive
It cleans easily after outdoor adventures; a big plus for me.,Positive,5,Positive
The tote is incredibly spacious and perfect for outdoor activities.,Positive,5,Positive
I appreciate the sustainable materials used; very thoughtful.,Positive,5,Positive
It cleans easily after outdoor adventures; a big plus for me.,Positive,5,Positive
Handles are uncomfortable and dig into my hands.,Negative,1,Negative
The color options are fantastic and match any outfit.,Positive,5,Positive
The tote is incredibly spacious and perfect for outdoor activities.,Positive,5,Positive
It cleans easily after outdoor adventures; a big plus for me.,Positive,5,Positive
The eco-friendly claim seems questionable; no certifications provided.,Negative,1,Negative
Great for carrying all my gear without feeling heavy.,Positive,5,Positive
I love that it's eco-friendly; it feels good to support the environment!,Positive,5,Positive
The material feels flimsy and doesn't seem durable.,Negative,1,Neutral
I love that it's eco-friendly; it feels good to support the environment!,Positive,5,Positive
It cleans easily after outdoor adventures; a big plus for me.,Positive,5,Positive
It doesn't hold up well in wet conditions; water seeps through.,Negative,1,Negative
Handles are uncomfortable and dig into my hands.,Negative,1,Negative
The handles are sturdy and comfortable to hold.,Positive,5,Positive
Lightweight and easy to carry during hikes and picnics.,Positive,5,Positive
I appreciate the sustainable materials used; very thoughtful.,Positive,5,Positive
I appreciate the sustainable materials used; very thoughtful.,Positive,5,Positive
The handles are sturdy and comfortable to hold.,Positive,5,Positive
The bag tore after just a few uses; very disappointing.,Negative,1,Negative
The handles are sturdy and comfortable to hold.,Positive,5,Positive
I love that it's eco-friendly; it feels good to support the environment!,Positive,5,Positive
It doesn't hold up well in wet conditions; water seeps through.,Negative,1,Negative
The design is simple yet stylish; I get compliments all the time.,Positive,5,Positive
The eco-friendly claim seems questionable; no certifications provided.,Negative,1,Negative
It's not as spacious as advertised; feels small.,Negative,1,Neutral
I appreciate the sustainable materials used; very thoughtful.,Positive,5,Positive
The handles are sturdy and comfortable to hold.,Positive,5,Positive
The material feels flimsy and doesn't seem durable.,Negative,1,Neutral
Handles are uncomfortable and dig into my hands.,Negative,1,Negative
I love that it's eco-friendly; it feels good to support the environment!,Positive,5,Positive
I appreciate the sustainable materials used; very thoughtful.,Positive,5,Positive
Lightweight and easy to carry during hikes and picnics.,Positive,5,Positive
The tote is incredibly spacious and perfect for outdoor activities.,Positive,5,Positive
The eco-friendly claim seems questionable; no certifications provided.,Negative,1,Negative
"Color fades after washing, which is a letdown.",Negative,1,Neutral
The tote is incredibly spacious and perfect for outdoor activities.,Positive,5,Positive
Great for carrying all my gear without feeling heavy.,Positive,5,Positive
The eco-friendly claim seems questionable; no certifications provided.,Negative,1,Negative
I appreciate the sustainable materials used; very thoughtful.,Positive,5,Positive
The design is simple yet stylish; I get compliments all the time.,Positive,5,Positive
The eco-friendly claim seems questionable; no certifications provided.,Negative,1,Negative
It's not as spacious as advertised; feels small.,Negative,1,Neutral
I appreciate the sustainable materials used; very thoughtful.,Positive,5,Positive
It's not as spacious as advertised; feels small.,Negative,1,Neutral
Handles are uncomfortable and dig into my hands.,Negative,1,Negative
Lightweight and easy to carry during hikes and picnics.,Positive,5,Positive
Great for carrying all my gear without feeling heavy.,Positive,5,Positive
The bag tore after just a few uses; very disappointing.,Negative,1,Negative
The color options are fantastic and match any outfit.,Positive,5,Positive
The tote is incredibly spacious and perfect for outdoor activities.,Positive,5,Positive
The design is simple yet stylish; I get compliments all the time.,Positive,5,Positive
The material feels flimsy and doesn't seem durable.,Negative,1,Neutral
The tote is incredibly spacious and perfect for outdoor activities.,Positive,5,Positive
The tote is incredibly spacious and perfect for outdoor activities.,Positive,5,Positive
The design is simple yet stylish; I get compliments all the time.,Positive,5,Positive
The bag tore after just a few uses; very disappointing.,Negative,1,Negative
It cleans easily after outdoor adventures; a big plus for me.,Positive,5,Positive
The color options are fantastic and match any outfit.,Positive,5,Positive
I expected better quality for the price; not worth it.,Negative,1,Positive
The material feels flimsy and doesn't seem durable.,Negative,1,Neutral
I love that it's eco-friendly; it feels good to support the environment!,Positive,5,Positive
It's not as spacious as advertised; feels small.,Negative,1,Neutral
I expected better quality for the price; not worth it.,Negative,1,Positive
Handles are uncomfortable and dig into my hands.,Negative,1,Negative
I appreciate the sustainable materials used; very thoughtful.,Positive,5,Positive
I expected better quality for the price; not worth it.,Negative,1,Positive
Great for carrying all my gear without feeling heavy.,Positive,5,Positive
Lightweight and easy to carry during hikes and picnics.,Positive,5,Positive
Durable material that holds up even on rough terrain.,Positive,5,Neutral
"Color fades after washing, which is a letdown.",Negative,1,Neutral
It's not as spacious as advertised; feels small.,Negative,1,Neutral
The material feels flimsy and doesn't seem durable.,Negative,1,Neutral
"Color fades after washing, which is a letdown.",Negative,1,Neutral
It cleans easily after outdoor adventures; a big plus for me.,Positive,5,Positive
Lightweight and easy to carry during hikes and picnics.,Positive,5,Positive
The handles are sturdy and comfortable to hold.,Positive,5,Positive
The tote is incredibly spacious and perfect for outdoor activities.,Positive,5,Positive
It cleans easily after outdoor adventures; a big plus for me.,Positive,5,Positive
The design is bland and lacks personality.,Negative,1,Neutral
The material feels flimsy and doesn't seem durable.,Negative,1,Neutral
The design is simple yet stylish; I get compliments all the time.,Positive,5,Positive
I love that it's eco-friendly; it feels good to support the environment!,Positive,5,Positive
The design is simple yet stylish; I get compliments all the time.,Positive,5,Positive
Great for carrying all my gear without feeling heavy.,Positive,5,Positive
It cleans easily after outdoor adventures; a big plus for me.,Positive,5,Positive
The color options are fantastic and match any outfit.,Positive,5,Positive
Durable material that holds up even on rough terrain.,Positive,5,Neutral
The bag tore after just a few uses; very disappointing.,Negative,1,Negative
It doesn't hold up well in wet conditions; water seeps through.,Negative,1,Negative
It's not as spacious as advertised; feels small.,Negative,1,Neutral
The color options are fantastic and match any outfit.,Positive,5,Positive
The eco-friendly claim seems questionable; no certifications provided.,Negative,1,Negative
The design is bland and lacks personality.,Negative,1,Neutral
It doesn't hold up well in wet conditions; water seeps through.,Negative,1,Negative
"Color fades after washing, which is a letdown.",Negative,1,Neutral
It doesn't hold up well in wet conditions; water seeps through.,Negative,1,Negative
I appreciate the sustainable materials used; very thoughtful.,Positive,5,Positive
The bag tore after just a few uses; very disappointing.,Negative,1,Negative
Lightweight and easy to carry during hikes and picnics.,Positive,5,Positive
The stitching came undone after a week of use.,Negative,1,Neutral
The bag tore after just a few uses; very disappointing.,Negative,1,Negative
The tote is incredibly spacious and perfect for outdoor activities.,Positive,5,Positive
The handles are sturdy and comfortable to hold.,Positive,5,Positive
The design is simple yet stylish; I get compliments all the time.,Positive,5,Positive
The material feels flimsy and doesn't seem durable.,Negative,1,Neutral
I love that it's eco-friendly; it feels good to support the environment!,Positive,5,Positive
Handles are uncomfortable and dig into my hands.,Negative,1,Negative
The eco-friendly claim seems questionable; no certifications provided.,Negative,1,Negative
The handles are sturdy and comfortable to hold.,Positive,5,Positive
The tote is incredibly spacious and perfect for outdoor activities.,Positive,5,Positive
Durable material that holds up even on rough terrain.,Positive,5,Neutral
The material feels flimsy and doesn't seem durable.,Negative,1,Neutral
Durable material that holds up even on rough terrain.,Positive,5,Neutral
Handles are uncomfortable and dig into my hands.,Negative,1,Negative
It doesn't hold up well in wet conditions; water seeps through.,Negative,1,Negative
The design is bland and lacks personality.,Negative,1,Neutral
Lightweight and easy to carry during hikes and picnics.,Positive,5,Positive
The tote is incredibly spacious and perfect for outdoor activities.,Positive,5,Positive
It cleans easily after outdoor adventures; a big plus for me.,Positive,5,Positive
I expected better quality for the price; not worth it.,Negative,1,Positive
It cleans easily after outdoor adventures; a big plus for me.,Positive,5,Positive
"Color fades after washing, which is a letdown.",Negative,1,Neutral
The design is simple yet stylish; I get compliments all the time.,Positive,5,Positive
"Color fades after washing, which is a letdown.",Negative,1,Neutral
The design is simple yet stylish; I get compliments all the time.,Positive,5,Positive
It cleans easily after outdoor adventures; a big plus for me.,Positive,5,Positive
Durable material that holds up even on rough terrain.,Positive,5,Neutral
It doesn't hold up well in wet conditions; water seeps through.,Negative,1,Negative
The color options are fantastic and match any outfit.,Positive,5,Positive
Handles are uncomfortable and dig into my hands.,Negative,1,Negative
The eco-friendly claim seems questionable; no certifications provided.,Negative,1,Negative
The eco-friendly claim seems questionable; no certifications provided.,Negative,1,Negative
I love that it's eco-friendly; it feels good to support the environment!,Positive,5,Positive
The design is bland and lacks personality.,Negative,1,Neutral
The bag tore after just a few uses; very disappointing.,Negative,1,Negative
Great for carrying all my gear without feeling heavy.,Positive,5,Positive
The material feels flimsy and doesn't seem durable.,Negative,1,Neutral
Durable material that holds up even on rough terrain.,Positive,5,Neutral
The bag tore after just a few uses; very disappointing.,Negative,1,Negative
It doesn't hold up well in wet conditions; water seeps through.,Negative,1,Negative
Lightweight and easy to carry during hikes and picnics.,Positive,5,Positive
The stitching came undone after a week of use.,Negative,1,Neutral
The color options are fantastic and match any outfit.,Positive,5,Positive
The tote is incredibly spacious and perfect for outdoor activities.,Positive,5,Positive
It cleans easily after outdoor adventures; a big plus for me.,Positive,5,Positive
The material feels flimsy and doesn't seem durable.,Negative,1,Neutral
Lightweight and easy to carry during hikes and picnics.,Positive,5,Positive
Handles are uncomfortable and dig into my hands.,Negative,1,Negative
Lightweight and easy to carry during hikes and picnics.,Positive,5,Positive
The handles are sturdy and comfortable to hold.,Positive,5,Positive
Durable material that holds up even on rough terrain.,Positive,5,Neutral
The handles are sturdy and comfortable to hold.,Positive,5,Positive
The material feels flimsy and doesn't seem durable.,Negative,1,Neutral
Handles are uncomfortable and dig into my hands.,Negative,1,Negative
The eco-friendly claim seems questionable; no certifications provided.,Negative,1,Negative
It doesn't hold up well in wet conditions; water seeps through.,Negative,1,Negative
The eco-friendly claim seems questionable; no certifications provided.,Negative,1,Negative
The design is bland and lacks personality.,Negative,1,Neutral
The handles are sturdy and comfortable to hold.,Positive,5,Positive
The eco-friendly claim seems questionable; no certifications provided.,Negative,1,Negative
I love that it's eco-friendly; it feels good to support the environment!,Positive,5,Positive
The material feels flimsy and doesn't seem durable.,Negative,1,Neutral
The handles are sturdy and comfortable to hold.,Positive,5,Positive
I love that it's eco-friendly; it feels good to support the environment!,Positive,5,Positive
The design is bland and lacks personality.,Negative,1,Neutral
It doesn't hold up well in wet conditions; water seeps through.,Negative,1,Negative
It doesn't hold up well in wet conditions; water seeps through.,Negative,1,Negative
It's not as spacious as advertised; feels small.,Negative,1,Neutral
I expected better quality for the price; not worth it.,Negative,1,Positive
It doesn't hold up well in wet conditions; water seeps through.,Negative,1,Negative
Handles are uncomfortable and dig into my hands.,Negative,1,Negative
It doesn't hold up well in wet conditions; water seeps through.,Negative,1,Negative
The material feels flimsy and doesn't seem durable.,Negative,1,Neutral
The design is simple yet stylish; I get compliments all the time.,Positive,5,Positive
Lightweight and easy to carry during hikes and picnics.,Positive,5,Positive
The bag tore after just a few uses; very disappointing.,Negative,1,Negative
The stitching came undone after a week of use.,Negative,1,Neutral
The stitching came undone after a week of use.,Negative,1,Neutral
The design is bland and lacks personality.,Negative,1,Neutral
The design is bland and lacks personality.,Negative,1,Neutral
The design is simple yet stylish; I get compliments all the time.,Positive,5,Positive
I expected better quality for the price; not worth it.,Negative,1,Positive
Lightweight and easy to carry during hikes and picnics.,Positive,5,Positive
Great for carrying all my gear without feeling heavy.,Positive,5,Positive
Great for carrying all my gear without feeling heavy.,Positive,5,Positive
The bag tore after just a few uses; very disappointing.,Negative,1,Negative
It cleans easily after outdoor adventures; a big plus for me.,Positive,5,Positive
Durable material that holds up even on rough terrain.,Positive,5,Neutral
The color options are fantastic and match any outfit.,Positive,5,Positive
Handles are uncomfortable and dig into my hands.,Negative,1,Negative
It cleans easily after outdoor adventures; a big plus for me.,Positive,5,Positive
"Color fades after washing, which is a letdown.",Negative,1,Neutral
Handles are uncomfortable and dig into my hands.,Negative,1,Negative
It cleans easily after outdoor adventures; a big plus for me.,Positive,5,Positive
Handles are uncomfortable and dig into my hands.,Negative,1,Negative
It's not as spacious as advertised; feels small.,Negative,1,Neutral
Durable material that holds up even on rough terrain.,Positive,5,Neutral
The eco-friendly claim seems questionable; no certifications provided.,Negative,1,Negative
It's not as spacious as advertised; feels small.,Negative,1,Neutral
The handles are sturdy and comfortable to hold.,Positive,5,Positive
"Color fades after washing, which is a letdown.",Negative,1,Neutral
The tote is incredibly spacious and perfect for outdoor activities.,Positive,5,Positive
I expected better quality for the price; not worth it.,Negative,1,Positive
Lightweight and easy to carry during hikes and picnics.,Positive,5,Positive
"Color fades after washing, which is a letdown.",Negative,1,Neutral
Great for carrying all my gear without feeling heavy.,Positive,5,Positive
The tote is incredibly spacious and perfect for outdoor activities.,Positive,5,Positive
I love that it's eco-friendly; it feels good to support the environment!,Positive,5,Positive
The eco-friendly claim seems questionable; no certifications provided.,Negative,1,Negative
I love that it's eco-friendly; it feels good to support the environment!,Positive,5,Positive
I love that it's eco-friendly; it feels good to support the environment!,Positive,5,Positive
The tote is incredibly spacious and perfect for outdoor activities.,Positive,5,Positive
I appreciate the sustainable materials used; very thoughtful.,Positive,5,Positive
The handles are sturdy and comfortable to hold.,Positive,5,Positive
It cleans easily after outdoor adventures; a big plus for me.,Positive,5,Positive
The eco-friendly claim seems questionable; no certifications provided.,Negative,1,Negative
The stitching came undone after a week of use.,Negative,1,Neutral
The tote is incredibly spacious and perfect for outdoor activities.,Positive,5,Positive
It cleans easily after outdoor adventures; a big plus for me.,Positive,5,Positive
The handles are sturdy and comfortable to hold.,Positive,5,Positive
Durable material that holds up even on rough terrain.,Positive,5,Neutral
The design is bland and lacks personality.,Negative,1,Neutral
The stitching came undone after a week of use.,Negative,1,Neutral
The color options are fantastic and match any outfit.,Positive,5,Positive
The design is simple yet stylish; I get compliments all the time.,Positive,5,Positive
The material feels flimsy and doesn't seem durable.,Negative,1,Neutral
The design is bland and lacks personality.,Negative,1,Neutral
The color options are fantastic and match any outfit.,Positive,5,Positive
It doesn't hold up well in wet conditions; water seeps through.,Negative,1,Negative
The material feels flimsy and doesn't seem durable.,Negative,1,Neutral
The material feels flimsy and doesn't seem durable.,Negative,1,Neutral
The design is simple yet stylish; I get compliments all the time.,Positive,5,Positive
The stitching came undone after a week of use.,Negative,1,Neutral
It doesn't hold up well in wet conditions; water seeps through.,Negative,1,Negative
The handles are sturdy and comfortable to hold.,Positive,5,Positive
The tote is incredibly spacious and perfect for outdoor activities.,Positive,5,Positive
The bag tore after just a few uses; very disappointing.,Negative,1,Negative
The handles are sturdy and comfortable to hold.,Positive,5,Positive
Great for carrying all my gear without feeling heavy.,Positive,5,Positive
The handles are sturdy and comfortable to hold.,Positive,5,Positive
The stitching came undone after a week of use.,Negative,1,Neutral
Lightweight and easy to carry during hikes and picnics.,Positive,5,Positive
Durable material that holds up even on rough terrain.,Positive,5,Neutral
Durable material that holds up even on rough terrain.,Positive,5,Neutral
Durable material that holds up even on rough terrain.,Positive,5,Neutral
The bag tore after just a few uses; very disappointing.,Negative,1,Negative
The design is bland and lacks personality.,Negative,1,Neutral
I appreciate the sustainable materials used; very thoughtful.,Positive,5,Positive
The eco-friendly claim seems questionable; no certifications provided.,Negative,1,Negative
I appreciate the sustainable materials used; very thoughtful.,Positive,5,Positive
The material feels flimsy and doesn't seem durable.,Negative,1,Neutral
The handles are sturdy and comfortable to hold.,Positive,5,Positive
The material feels flimsy and doesn't seem durable.,Negative,1,Neutral
It's not as spacious as advertised; feels small.,Negative,1,Neutral
The design is simple yet stylish; I get compliments all the time.,Positive,5,Positive
The eco-friendly claim seems questionable; no certifications provided.,Negative,1,Negative
It cleans easily after outdoor adventures; a big plus for me.,Positive,5,Positive
I love that it's eco-friendly; it feels good to support the environment!,Positive,5,Positive
The handles are sturdy and comfortable to hold.,Positive,5,Positive
The tote is incredibly spacious and perfect for outdoor activities.,Positive,5,Positive
The design is bland and lacks personality.,Negative,1,Neutral
It cleans easily after outdoor adventures; a big plus for me.,Positive,5,Positive
I expected better quality for the price; not worth it.,Negative,1,Positive
Handles are uncomfortable and dig into my hands.,Negative,1,Negative
I appreciate the sustainable materials used; very thoughtful.,Positive,5,Positive
The material feels flimsy and doesn't seem durable.,Negative,1,Neutral
The color options are fantastic and match any outfit.,Positive,5,Positive
The design is simple yet stylish; I get compliments all the time.,Positive,5,Positive
Lightweight and easy to carry during hikes and picnics.,Positive,5,Positive
The bag tore after just a few uses; very disappointing.,Negative,1,Negative
It doesn't hold up well in wet conditions; water seeps through.,Negative,1,Negative
The design is bland and lacks personality.,Negative,1,Neutral
Lightweight and easy to carry during hikes and picnics.,Positive,5,Positive
It doesn't hold up well in wet conditions; water seeps through.,Negative,1,Negative
The material feels flimsy and doesn't seem durable.,Negative,1,Neutral
It doesn't hold up well in wet conditions; water seeps through.,Negative,1,Negative
The stitching came undone after a week of use.,Negative,1,Neutral
It cleans easily after outdoor adventures; a big plus for me.,Positive,5,Positive
The color options are fantastic and match any outfit.,Positive,5,Positive
The design is simple yet stylish; I get compliments all the time.,Positive,5,Positive
The bag tore after just a few uses; very disappointing.,Negative,1,Negative
The bag tore after just a few uses; very disappointing.,Negative,1,Negative
Handles are uncomfortable and dig into my hands.,Negative,1,Negative
I expected better quality for the price; not worth it.,Negative,1,Positive
Handles are uncomfortable and dig into my hands.,Negative,1,Negative
"Color fades after washing, which is a letdown.",Negative,1,Neutral
The material feels flimsy and doesn't seem durable.,Negative,1,Neutral
Handles are uncomfortable and dig into my hands.,Negative,1,Negative
The handles are sturdy and comfortable to hold.,Positive,5,Positive
It cleans easily after outdoor adventures; a big plus for me.,Positive,5,Positive
The handles are sturdy and comfortable to hold.,Positive,5,Positive
Durable material that holds up even on rough terrain.,Positive,5,Neutral
It's not as spacious as advertised; feels small.,Negative,1,Neutral
The tote is incredibly spacious and perfect for outdoor activities.,Positive,5,Positive
It doesn't hold up well in wet conditions; water seeps through.,Negative,1,Negative
"Color fades after washing, which is a letdown.",Negative,1,Neutral
The handles are sturdy and comfortable to hold.,Positive,5,Positive
I appreciate the sustainable materials used; very thoughtful.,Positive,5,Positive
It doesn't hold up well in wet conditions; water seeps through.,Negative,1,Negative
The handles are sturdy and comfortable to hold.,Positive,5,Positive
Handles are uncomfortable and dig into my hands.,Negative,1,Negative
It's not as spacious as advertised; feels small.,Negative,1,Neutral
I appreciate the sustainable materials used; very thoughtful.,Positive,5,Positive
The stitching came undone after a week of use.,Negative,1,Neutral
The design is simple yet stylish; I get compliments all the time.,Positive,5,Positive
The design is simple yet stylish; I get compliments all the time.,Positive,5,Positive
The color options are fantastic and match any outfit.,Positive,5,Positive
It's not as spacious as advertised; feels small.,Negative,1,Neutral
The bag tore after just a few uses; very disappointing.,Negative,1,Negative
The bag tore after just a few uses; very disappointing.,Negative,1,Negative
Durable material that holds up even on rough terrain.,Positive,5,Neutral
It's not as spacious as advertised; feels small.,Negative,1,Neutral
It doesn't hold up well in wet conditions; water seeps through.,Negative,1,Negative
Lightweight and easy to carry during hikes and picnics.,Positive,5,Positive
The bag tore after just a few uses; very disappointing.,Negative,1,Negative
"Color fades after washing, which is a letdown.",Negative,1,Neutral
The design is simple yet stylish; I get compliments all the time.,Positive,5,Positive
It cleans easily after outdoor adventures; a big plus for me.,Positive,5,Positive
The design is bland and lacks personality.,Negative,1,Neutral
Great for carrying all my gear without feeling heavy.,Positive,5,Positive
I expected better quality for the price; not worth it.,Negative,1,Positive
The bag tore after just a few uses; very disappointing.,Negative,1,Negative
The handles are sturdy and comfortable to hold.,Positive,5,Positive
The stitching came undone after a week of use.,Negative,1,Neutral
"Color fades after washing, which is a letdown.",Negative,1,Neutral
Great for carrying all my gear without feeling heavy.,Positive,5,Positive
The bag tore after just a few uses; very disappointing.,Negative,1,Negative
Handles are uncomfortable and dig into my hands.,Negative,1,Negative
The design is bland and lacks personality.,Negative,1,Neutral
Lightweight and easy to carry during hikes and picnics.,Positive,5,Positive
The design is simple yet stylish; I get compliments all the time.,Positive,5,Positive
The material feels flimsy and doesn't seem durable.,Negative,1,Neutral
Great for carrying all my gear without feeling heavy.,Positive,5,Positive
The eco-friendly claim seems questionable; no certifications provided.,Negative,1,Negative
The handles are sturdy and comfortable to hold.,Positive,5,Positive
Handles are uncomfortable and dig into my hands.,Negative,1,Negative
Lightweight and easy to carry during hikes and picnics.,Positive,5,Positive
The bag tore after just a few uses; very disappointing.,Negative,1,Negative
The design is simple yet stylish; I get compliments all the time.,Positive,5,Positive
I love that it's eco-friendly; it feels good to support the environment!,Positive,5,Positive
Great for carrying all my gear without feeling heavy.,Positive,5,Positive
The handles are sturdy and comfortable to hold.,Positive,5,Positive
The eco-friendly claim seems questionable; no certifications provided.,Negative,1,Negative
It cleans easily after outdoor adventures; a big plus for me.,Positive,5,Positive
The material feels flimsy and doesn't seem durable.,Negative,1,Neutral
It cleans easily after outdoor adventures; a big plus for me.,Positive,5,Positive
It doesn't hold up well in wet conditions; water seeps through.,Negative,1,Negative
"Color fades after washing, which is a letdown.",Negative,1,Neutral
Durable material that holds up even on rough terrain.,Positive,5,Neutral
I expected better quality for the price; not worth it.,Negative,1,Positive
I expected better quality for the price; not worth it.,Negative,1,Positive
The design is simple yet stylish; I get compliments all the time.,Positive,5,Positive
The stitching came undone after a week of use.,Negative,1,Neutral
Handles are uncomfortable and dig into my hands.,Negative,1,Negative
Handles are uncomfortable and dig into my hands.,Negative,1,Negative
The eco-friendly claim seems questionable; no certifications provided.,Negative,1,Negative
It doesn't hold up well in wet conditions; water seeps through.,Negative,1,Negative
The eco-friendly claim seems questionable; no certifications provided.,Negative,1,Negative
Lightweight and easy to carry during hikes and picnics.,Positive,5,Positive
Great for carrying all my gear without feeling heavy.,Positive,5,Positive
The tote is incredibly spacious and perfect for outdoor activities.,Positive,5,Positive
I expected better quality for the price; not worth it.,Negative,1,Positive
Great for carrying all my gear without feeling heavy.,Positive,5,Positive
The stitching came undone after a week of use.,Negative,1,Neutral
I love that it's eco-friendly; it feels good to support the environment!,Positive,5,Positive
Handles are uncomfortable and dig into my hands.,Negative,1,Negative
It's not as spacious as advertised; feels small.,Negative,1,Neutral
The handles are sturdy and comfortable to hold.,Positive,5,Positive
The eco-friendly claim seems questionable; no certifications provided.,Negative,1,Negative
The color options are fantastic and match any outfit.,Positive,5,Positive
It's not as spacious as advertised; feels small.,Negative,1,Neutral
I love that it's eco-friendly; it feels good to support the environment!,Positive,5,Positive
It cleans easily after outdoor adventures; a big plus for me.,Positive,5,Positive
Great for carrying all my gear without feeling heavy.,Positive,5,Positive
I appreciate the sustainable materials used; very thoughtful.,Positive,5,Positive
The eco-friendly claim seems questionable; no certifications provided.,Negative,1,Negative
The eco-friendly claim seems questionable; no certifications provided.,Negative,1,Negative
The eco-friendly claim seems questionable; no certifications provided.,Negative,1,Negative
Great for carrying all my gear without feeling heavy.,Positive,5,Positive
